{"cameraMode":{"drawMode":0,"name":"Shaded","section":"Shading Mode"},"sceneLighting":true,"audioPlay":false,"sceneViewState":{"m_AlwaysRefresh":false,"showFog":true,"showSkybox":true,"showFlares":true,"showImageEffects":true,"showParticleSystems":true,"showVisualEffectGraphs":true,"m_FxEnabled":true},"in2DMode":false,"pivot":{"x":-104.25670623779297,"y":8.563361167907715,"z":92.26070404052735},"rotation":{"x":0.14634810388088227,"y":-0.321541428565979,"z":0.050371598452329639,"w":0.9341633319854736},"size":297.95172119140627,"orthographic":true}