{"cameraMode":{"drawMode":0,"name":"Shaded","section":"Shading Mode"},"sceneLighting":true,"audioPlay":false,"sceneViewState":{"m_AlwaysRefresh":false,"showFog":true,"showSkybox":true,"showFlares":true,"showImageEffects":true,"showParticleSystems":true,"showVisualEffectGraphs":true,"m_FxEnabled":true},"in2DMode":false,"pivot":{"x":-81.60536193847656,"y":10.163408279418946,"z":60.629512786865237},"rotation":{"x":0.07053891569375992,"y":0.9243414998054504,"z":-0.3113338053226471,"w":0.20921532809734345},"size":289.8531799316406,"orthographic":true}