{"cameraMode":{"drawMode":0,"name":"Shaded","section":"Shading Mode"},"sceneLighting":true,"audioPlay":false,"sceneViewState":{"m_AlwaysRefresh":false,"showFog":true,"showSkybox":true,"showFlares":true,"showImageEffects":true,"showParticleSystems":true,"showVisualEffectGraphs":true,"m_FxEnabled":true},"in2DMode":false,"pivot":{"x":-10.83015251159668,"y":37.932228088378909,"z":-7.850713729858398},"rotation":{"x":0.44474998116493227,"y":0.04028059169650078,"z":-0.020026983693242074,"w":0.8945250511169434},"size":22.406749725341798,"orthographic":false}