{"cameraMode":{"drawMode":0,"name":"Shaded","section":"Shading Mode"},"sceneLighting":false,"audioPlay":false,"sceneViewState":{"m_AlwaysRefresh":false,"showFog":true,"showSkybox":false,"showFlares":true,"showImageEffects":true,"showParticleSystems":true,"showVisualEffectGraphs":true,"m_FxEnabled":true},"in2DMode":false,"pivot":{"x":-0.082916259765625,"y":1.0009822845458985,"z":81.00432586669922},"rotation":{"x":0.2407405823469162,"y":-0.037525076419115069,"z":0.009385976940393448,"w":0.9698554873466492},"size":122.4781723022461,"orthographic":false}