{"cameraMode":{"drawMode":0,"name":"Shaded","section":"Shading Mode"},"sceneLighting":true,"audioPlay":false,"sceneViewState":{"m_AlwaysRefresh":false,"showFog":true,"showSkybox":true,"showFlares":true,"showImageEffects":true,"showParticleSystems":true,"showVisualEffectGraphs":true,"m_FxEnabled":true},"in2DMode":false,"pivot":{"x":-61.61189651489258,"y":1.8808314800262452,"z":48.815547943115237},"rotation":{"x":0.23625995218753816,"y":-0.13503284752368928,"z":0.03318106010556221,"w":0.9617034196853638},"size":654.8524780273438,"orthographic":true}