{"cameraMode":{"drawMode":0,"name":"Shaded","section":"Shading Mode"},"sceneLighting":true,"audioPlay":false,"sceneViewState":{"m_AlwaysRefresh":false,"showFog":true,"showSkybox":true,"showFlares":true,"showImageEffects":true,"showParticleSystems":true,"showVisualEffectGraphs":true,"m_FxEnabled":true},"in2DMode":false,"pivot":{"x":-62.06027603149414,"y":16.713518142700197,"z":51.854148864746097},"rotation":{"x":0.20820176601409913,"y":0.3861667811870575,"z":-0.09034953266382218,"w":0.894356906414032},"size":20.881494522094728,"orthographic":true}